{
  "analysis_date": "2026-03-12",
  "leader": "Jerome Powell",
  "n_samples": 33,
  "n_features": 13,
  "pca_explained_variance_ratio": [
    0.5216195043365042,
    0.14313528449379473,
    0.07952188883118368,
    0.07469135736494538,
    0.0653515927134865,
    0.03726130594965809,
    0.02224969989001802,
    0.020650373389956463,
    0.016647948807654186,
    0.008905407185784432,
    0.005662325630090786,
    0.002860782876039354,
    0.0014425285308842682
  ],
  "pca_cumulative_variance": [
    0.5216195043365042,
    0.6647547888302989,
    0.7442766776614826,
    0.818968035026428,
    0.8843196277399146,
    0.9215809336895726,
    0.9438306335795906,
    0.9644810069695471,
    0.9811289557772013,
    0.9900343629629857,
    0.9956966885930766,
    0.9985574714691159,
    1.0000000000000002
  ],
  "elbow_point": 1,
  "dims_for_90pct": 6,
  "dims_for_95pct": 8,
  "principal_components_loadings": {
    "PC1": {
      "CPI": 0.37285779229617216,
      "Unemployment": -0.2659413577434624,
      "GDP": -0.216922519135703,
      "FedFundsRate": -0.29677534843719205,
      "SP500_YoY": -0.35923302300410903,
      "Oil_WTI": 0.30346399505827104,
      "USD_DXY": 0.07652833237398814,
      "GeopolTension": 0.2662662437852412,
      "DomPressure": 0.3290648236465291,
      "ElectionProx": 0.12563641668493747,
      "Action": 0.31052950230707765,
      "Magnitude_bp": 0.28017262151986133,
      "Guidance": 0.24131883029967885
    },
    "PC2": {
      "CPI": -0.007986411813870397,
      "Unemployment": -0.22694109889671943,
      "GDP": 0.49998614932283203,
      "FedFundsRate": 0.36356964305114026,
      "SP500_YoY": 0.05110300027684549,
      "Oil_WTI": 0.05621140439567896,
      "USD_DXY": 0.5365856637285823,
      "GeopolTension": 0.16607710495602468,
      "DomPressure": -0.08108935520554975,
      "ElectionProx": 0.4496321577888236,
      "Action": 0.08059661156233267,
      "Magnitude_bp": 0.1481007995356415,
      "Guidance": -0.08839502587772369
    },
    "PC3": {
      "CPI": 0.02356185470319041,
      "Unemployment": 0.41474708482129946,
      "GDP": -0.052868973065765365,
      "FedFundsRate": -0.2554776586762321,
      "SP500_YoY": 0.10198582081038915,
      "Oil_WTI": 0.16352792540416167,
      "USD_DXY": 0.4982533833294695,
      "GeopolTension": -0.18797845419523151,
      "DomPressure": -0.041517138887551874,
      "ElectionProx": -0.038670249529923185,
      "Action": -0.4576582016081102,
      "Magnitude_bp": 0.3097226247334897,
      "Guidance": 0.36060049108969044
    },
    "PC4": {
      "CPI": -0.0334584180343429,
      "Unemployment": 0.34922317960245314,
      "GDP": -0.24437533664141114,
      "FedFundsRate": -0.1249640232684414,
      "SP500_YoY": 0.05190190206995111,
      "Oil_WTI": 0.1508297574326533,
      "USD_DXY": -0.19847734269996792,
      "GeopolTension": 0.2641014708402827,
      "DomPressure": 0.054136930545708534,
      "ElectionProx": 0.5594264439101713,
      "Action": -0.21833110548866397,
      "Magnitude_bp": 0.14589976978100633,
      "Guidance": -0.5311856166624787
    },
    "PC5": {
      "CPI": 0.014837349657289249,
      "Unemployment": -0.2505881757877489,
      "GDP": -0.19584309008381173,
      "FedFundsRate": -0.06438490303729622,
      "SP500_YoY": 0.16849112164193047,
      "Oil_WTI": 0.4852366414597118,
      "USD_DXY": -0.11319963694121718,
      "GeopolTension": -0.2904894448294697,
      "DomPressure": -0.459657374502756,
      "ElectionProx": 0.3813202946936499,
      "Action": 0.013861963673906921,
      "Magnitude_bp": -0.33960327481594005,
      "Guidance": 0.24744847646930024
    }
  },
  "interpretation": {
    "PC1": "利率周期主轴 — 通胀/利率高低 vs 市场涨跌",
    "PC2": "政策力度 — 加息幅度和鹰派程度",
    "PC3": "待分析",
    "PC4": "待分析",
    "PC5": "待分析"
  }
}