{
  "model": "v5_twostage",
  "at": "2026-03-13T04:59:34.486812",
  "s1": {
    "n": 7347,
    "mse": 0.22323960065841675,
    "r2": 0.10244231918640756,
    "elapsed": 48.47052812576294
  },
  "s2": {
    "n": 2071,
    "dir_acc": 0.667793333530426,
    "elapsed": 0.8724339008331299
  },
  "pca": {
    "series": 557,
    "pc": 30,
    "exp": 97.70873266442749
  },
  "leaders": {
    "total": 93,
    "profiled": 19
  },
  "per_leader": {
    "alan_greenspan_us": {
      "acc": 0.4434389140271493,
      "n": 221
    },
    "andrew_bailey_uk": {
      "acc": 0.5555555555555556,
      "n": 72
    },
    "arthur_burns_us": {
      "acc": 0.49411764705882355,
      "n": 85
    },
    "ben_bernanke_us": {
      "acc": 0.9157894736842105,
      "n": 95
    },
    "christine_lagarde_eu": {
      "acc": 0.8648648648648649,
      "n": 74
    },
    "dai_xianglong_cn": {
      "acc": 0.7951807228915663,
      "n": 83
    },
    "eddie_george_uk": {
      "acc": 0.6218487394957983,
      "n": 119
    },
    "g_william_miller_us": {
      "acc": 0.6470588235294118,
      "n": 17
    },
    "gordon_richardson_uk": {
      "acc": 0.5798319327731093,
      "n": 119
    },
    "hans_tietmeyer_eu": {
      "acc": 0.5223880597014925,
      "n": 67
    },
    "janet_yellen_us": {
      "acc": 0.7916666666666666,
      "n": 48
    },
    "jean-claude_trichet_eu": {
      "acc": 0.6736842105263158,
      "n": 95
    },
    "jerome_powell_us": {
      "acc": 0.7916666666666666,
      "n": 96
    },
    "leslie_o'brien_uk": {
      "acc": 0.5517241379310345,
      "n": 29
    },
    "mario_draghi_eu": {
      "acc": 0.9052631578947369,
      "n": 95
    },
    "mark_carney_uk": {
      "acc": 0.9125,
      "n": 80
    },
    "mervyn_king_uk": {
      "acc": 0.7647058823529411,
      "n": 119
    },
    "pan_gongsheng_cn": {
      "acc": 0.7419354838709677,
      "n": 31
    },
    "paul_volcker_us": {
      "acc": 0.3333333333333333,
      "n": 96
    },
    "robin_leigh-pemberton_uk": {
      "acc": 0.5546218487394958,
      "n": 119
    },
    "wim_duisenberg_eu": {
      "acc": 0.46875,
      "n": 64
    },
    "yi_gang_cn": {
      "acc": 0.8125,
      "n": 64
    },
    "zhou_xiaochuan_cn": {
      "acc": 0.819672131147541,
      "n": 183
    }
  },
  "overall": 0.6677933365523901,
  "powell_loo": {
    "dir": 0.78125,
    "tp": 0.0,
    "n": 96
  },
  "cmp": {
    "v3d": 0.758,
    "v3t": 0.485,
    "v4d": 0.562,
    "v4t": 0.579
  },
  "dev": "cuda",
  "t": 98.94285583496094
}